timestamp,ip,method,path,user_agent,response_time
2025-04-19T05:36:04.158896,152.59.196.78,GET,/blocked_ips,"Mozilla/5.0 (Macintosh; Intel Mac OS X 10_15_7) AppleWebKit/537.36 (KHTML, like Gecko) Chrome/135.0.0.0 Safari/537.36",0.001254
2025-05-02T04:37:35.651377,218.248.0.1,GET,/logs,"Mozilla/5.0 (Macintosh; Intel Mac OS X 10_15_7) AppleWebKit/537.36 (KHTML, like Gecko) Chrome/135.0.0.0 Safari/537.36",0.002766
2025-05-02T04:37:35.788010,218.248.0.1,GET,/blocked_ips,"Mozilla/5.0 (Macintosh; Intel Mac OS X 10_15_7) AppleWebKit/537.36 (KHTML, like Gecko) Chrome/135.0.0.0 Safari/537.36",0.001192
2025-05-02T04:53:41.296871,218.248.0.1,GET,/,"Mozilla/5.0 (Linux; Android 10; K) AppleWebKit/537.36 (KHTML, like Gecko) Chrome/135.0.0.0 Mobile Safari/537.36",0.001531
2025-05-02T04:53:41.815238,218.248.0.1,GET,/logs,"Mozilla/5.0 (Linux; Android 10; K) AppleWebKit/537.36 (KHTML, like Gecko) Chrome/135.0.0.0 Mobile Safari/537.36",0.002844
2025-05-02T04:53:42.129926,218.248.0.1,GET,/blocked_ips,"Mozilla/5.0 (Linux; Android 10; K) AppleWebKit/537.36 (KHTML, like Gecko) Chrome/135.0.0.0 Mobile Safari/537.36",0.001299
2025-05-02T04:53:42.140095,218.248.0.1,GET,/favicon.ico,"Mozilla/5.0 (Linux; Android 10; K) AppleWebKit/537.36 (KHTML, like Gecko) Chrome/135.0.0.0 Mobile Safari/537.36",0.000208
2025-05-02T04:53:52.053419,218.248.0.1,GET,/logs,"Mozilla/5.0 (Linux; Android 10; K) AppleWebKit/537.36 (KHTML, like Gecko) Chrome/135.0.0.0 Mobile Safari/537.36",0.002851
2025-05-02T04:53:52.065509,218.248.0.1,GET,/blocked_ips,"Mozilla/5.0 (Linux; Android 10; K) AppleWebKit/537.36 (KHTML, like Gecko) Chrome/135.0.0.0 Mobile Safari/537.36",0.001188
2025-05-02T04:54:02.095130,218.248.0.1,GET,/logs,"Mozilla/5.0 (Linux; Android 10; K) AppleWebKit/537.36 (KHTML, like Gecko) Chrome/135.0.0.0 Mobile Safari/537.36",0.002566
2025-05-02T04:54:02.100131,218.248.0.1,GET,/blocked_ips,"Mozilla/5.0 (Linux; Android 10; K) AppleWebKit/537.36 (KHTML, like Gecko) Chrome/135.0.0.0 Mobile Safari/537.36",0.001139
2025-05-02T04:54:12.055518,218.248.0.1,GET,/logs,"Mozilla/5.0 (Linux; Android 10; K) AppleWebKit/537.36 (KHTML, like Gecko) Chrome/135.0.0.0 Mobile Safari/537.36",0.002749
2025-05-02T04:54:12.073020,218.248.0.1,GET,/blocked_ips,"Mozilla/5.0 (Linux; Android 10; K) AppleWebKit/537.36 (KHTML, like Gecko) Chrome/135.0.0.0 Mobile Safari/537.36",0.001219
2025-05-02T04:54:22.816287,218.248.0.1,GET,/blocked_ips,"Mozilla/5.0 (Linux; Android 10; K) AppleWebKit/537.36 (KHTML, like Gecko) Chrome/135.0.0.0 Mobile Safari/537.36",0.00123
2025-05-02T04:54:22.818572,218.248.0.1,GET,/logs,"Mozilla/5.0 (Linux; Android 10; K) AppleWebKit/537.36 (KHTML, like Gecko) Chrome/135.0.0.0 Mobile Safari/537.36",0.005169
2025-05-02T04:54:45.567299,218.248.0.1,GET,/logs,"Mozilla/5.0 (Macintosh; Intel Mac OS X 10_15_7) AppleWebKit/537.36 (KHTML, like Gecko) Chrome/135.0.0.0 Safari/537.36",0.003314
2025-05-02T04:54:45.580724,218.248.0.1,GET,/blocked_ips,"Mozilla/5.0 (Macintosh; Intel Mac OS X 10_15_7) AppleWebKit/537.36 (KHTML, like Gecko) Chrome/135.0.0.0 Safari/537.36",0.001373
2025-05-02T04:55:44.311095,218.248.0.1,GET,/,"Mozilla/5.0 (Linux; Android 10; K) AppleWebKit/537.36 (KHTML, like Gecko) Chrome/135.0.0.0 Mobile Safari/537.36",0.001695
2025-05-02T04:55:44.785007,218.248.0.1,GET,/logs,"Mozilla/5.0 (Linux; Android 10; K) AppleWebKit/537.36 (KHTML, like Gecko) Chrome/135.0.0.0 Mobile Safari/537.36",0.002239
2025-05-02T04:55:45.570883,218.248.0.1,GET,/logs,"Mozilla/5.0 (Macintosh; Intel Mac OS X 10_15_7) AppleWebKit/537.36 (KHTML, like Gecko) Chrome/135.0.0.0 Safari/537.36",0.002174
2025-05-02T04:55:45.588468,218.248.0.1,GET,/blocked_ips,"Mozilla/5.0 (Macintosh; Intel Mac OS X 10_15_7) AppleWebKit/537.36 (KHTML, like Gecko) Chrome/135.0.0.0 Safari/537.36",0.001226
2025-05-02T04:56:45.802407,218.248.0.1,GET,/logs,"Mozilla/5.0 (Macintosh; Intel Mac OS X 10_15_7) AppleWebKit/537.36 (KHTML, like Gecko) Chrome/135.0.0.0 Safari/537.36",0.002256
2025-05-02T04:56:46.539282,218.248.0.1,GET,/blocked_ips,"Mozilla/5.0 (Macintosh; Intel Mac OS X 10_15_7) AppleWebKit/537.36 (KHTML, like Gecko) Chrome/135.0.0.0 Safari/537.36",0.001185
2025-05-02T04:56:59.880078,218.248.0.1,GET,/logs,"Mozilla/5.0 (Macintosh; Intel Mac OS X 10_15_7) AppleWebKit/537.36 (KHTML, like Gecko) Chrome/135.0.0.0 Safari/537.36",0.00215
2025-05-02T04:56:59.891586,218.248.0.1,GET,/blocked_ips,"Mozilla/5.0 (Macintosh; Intel Mac OS X 10_15_7) AppleWebKit/537.36 (KHTML, like Gecko) Chrome/135.0.0.0 Safari/537.36",0.001233
2025-05-02T04:57:08.339447,218.248.0.1,GET,/logs,"Mozilla/5.0 (Macintosh; Intel Mac OS X 10_15_7) AppleWebKit/537.36 (KHTML, like Gecko) Chrome/135.0.0.0 Safari/537.36",0.002246
2025-05-02T04:57:08.343394,218.248.0.1,GET,/blocked_ips,"Mozilla/5.0 (Macintosh; Intel Mac OS X 10_15_7) AppleWebKit/537.36 (KHTML, like Gecko) Chrome/135.0.0.0 Safari/537.36",0.001253
2025-05-02T04:57:18.533756,218.248.0.1,GET,/logs,"Mozilla/5.0 (Macintosh; Intel Mac OS X 10_15_7) AppleWebKit/537.36 (KHTML, like Gecko) Chrome/135.0.0.0 Safari/537.36",0.002224
2025-05-02T04:57:18.546306,218.248.0.1,GET,/blocked_ips,"Mozilla/5.0 (Macintosh; Intel Mac OS X 10_15_7) AppleWebKit/537.36 (KHTML, like Gecko) Chrome/135.0.0.0 Safari/537.36",0.001476
2025-05-02T04:57:22.086591,218.248.0.1,GET,/logs,"Mozilla/5.0 (Linux; Android 10; K) AppleWebKit/537.36 (KHTML, like Gecko) Chrome/135.0.0.0 Mobile Safari/537.36",0.002156
2025-05-02T04:57:22.593120,218.248.0.1,GET,/blocked_ips,"Mozilla/5.0 (Linux; Android 10; K) AppleWebKit/537.36 (KHTML, like Gecko) Chrome/135.0.0.0 Mobile Safari/537.36",0.001276
2025-05-02T04:57:23.610502,218.248.0.1,GET,/logs,"Mozilla/5.0 (Linux; Android 10; K) AppleWebKit/537.36 (KHTML, like Gecko) Chrome/135.0.0.0 Mobile Safari/537.36",0.002326
2025-05-02T04:57:23.633857,218.248.0.1,GET,/blocked_ips,"Mozilla/5.0 (Linux; Android 10; K) AppleWebKit/537.36 (KHTML, like Gecko) Chrome/135.0.0.0 Mobile Safari/537.36",0.002644
2025-05-02T04:57:23.636510,218.248.0.1,GET,/logs,"Mozilla/5.0 (Linux; Android 10; K) AppleWebKit/537.36 (KHTML, like Gecko) Chrome/135.0.0.0 Mobile Safari/537.36",0.003853
2025-05-02T04:57:28.560093,218.248.0.1,GET,/logs,"Mozilla/5.0 (Macintosh; Intel Mac OS X 10_15_7) AppleWebKit/537.36 (KHTML, like Gecko) Chrome/135.0.0.0 Safari/537.36",0.002571
2025-05-02T04:57:28.564171,218.248.0.1,GET,/blocked_ips,"Mozilla/5.0 (Macintosh; Intel Mac OS X 10_15_7) AppleWebKit/537.36 (KHTML, like Gecko) Chrome/135.0.0.0 Safari/537.36",0.001363
2025-05-02T04:57:38.549029,218.248.0.1,GET,/logs,"Mozilla/5.0 (Macintosh; Intel Mac OS X 10_15_7) AppleWebKit/537.36 (KHTML, like Gecko) Chrome/135.0.0.0 Safari/537.36",0.002282
2025-05-02T04:57:38.552787,218.248.0.1,GET,/blocked_ips,"Mozilla/5.0 (Macintosh; Intel Mac OS X 10_15_7) AppleWebKit/537.36 (KHTML, like Gecko) Chrome/135.0.0.0 Safari/537.36",0.001058
2025-05-02T05:10:04.121409,218.248.0.1,GET,/blocked_ips,"Mozilla/5.0 (Macintosh; Intel Mac OS X 10_15_7) AppleWebKit/537.36 (KHTML, like Gecko) Chrome/135.0.0.0 Safari/537.36",0.001579
2025-05-02T05:10:04.126293,218.248.0.1,GET,/logs,"Mozilla/5.0 (Macintosh; Intel Mac OS X 10_15_7) AppleWebKit/537.36 (KHTML, like Gecko) Chrome/135.0.0.0 Safari/537.36",0.006269
2025-05-02T05:10:13.860184,218.248.0.1,GET,/blocked_ips,"Mozilla/5.0 (Macintosh; Intel Mac OS X 10_15_7) AppleWebKit/537.36 (KHTML, like Gecko) Chrome/135.0.0.0 Safari/537.36",0.001335
2025-05-02T05:10:13.862776,218.248.0.1,GET,/logs,"Mozilla/5.0 (Macintosh; Intel Mac OS X 10_15_7) AppleWebKit/537.36 (KHTML, like Gecko) Chrome/135.0.0.0 Safari/537.36",0.005352
2025-05-02T05:10:24.010291,218.248.0.1,GET,/blocked_ips,"Mozilla/5.0 (Macintosh; Intel Mac OS X 10_15_7) AppleWebKit/537.36 (KHTML, like Gecko) Chrome/135.0.0.0 Safari/537.36",0.001432
2025-05-02T05:10:24.013021,218.248.0.1,GET,/logs,"Mozilla/5.0 (Macintosh; Intel Mac OS X 10_15_7) AppleWebKit/537.36 (KHTML, like Gecko) Chrome/135.0.0.0 Safari/537.36",0.006302
2025-05-02T05:10:33.876132,218.248.0.1,GET,/logs,"Mozilla/5.0 (Macintosh; Intel Mac OS X 10_15_7) AppleWebKit/537.36 (KHTML, like Gecko) Chrome/135.0.0.0 Safari/537.36",0.002509
2025-05-02T05:10:33.885235,218.248.0.1,GET,/blocked_ips,"Mozilla/5.0 (Macintosh; Intel Mac OS X 10_15_7) AppleWebKit/537.36 (KHTML, like Gecko) Chrome/135.0.0.0 Safari/537.36",0.001254
2025-05-02T05:10:43.877084,218.248.0.1,GET,/logs,"Mozilla/5.0 (Macintosh; Intel Mac OS X 10_15_7) AppleWebKit/537.36 (KHTML, like Gecko) Chrome/135.0.0.0 Safari/537.36",0.003556
2025-05-02T05:10:43.878681,218.248.0.1,GET,/blocked_ips,"Mozilla/5.0 (Macintosh; Intel Mac OS X 10_15_7) AppleWebKit/537.36 (KHTML, like Gecko) Chrome/135.0.0.0 Safari/537.36",0.001709
2025-05-02T05:10:53.839739,218.248.0.1,GET,/logs,"Mozilla/5.0 (Macintosh; Intel Mac OS X 10_15_7) AppleWebKit/537.36 (KHTML, like Gecko) Chrome/135.0.0.0 Safari/537.36",0.002686
2025-05-02T05:10:53.860700,218.248.0.1,GET,/blocked_ips,"Mozilla/5.0 (Macintosh; Intel Mac OS X 10_15_7) AppleWebKit/537.36 (KHTML, like Gecko) Chrome/135.0.0.0 Safari/537.36",0.001257
2025-05-02T05:11:03.897479,218.248.0.1,GET,/logs,"Mozilla/5.0 (Macintosh; Intel Mac OS X 10_15_7) AppleWebKit/537.36 (KHTML, like Gecko) Chrome/135.0.0.0 Safari/537.36",0.002619
2025-05-02T05:11:03.900485,218.248.0.1,GET,/blocked_ips,"Mozilla/5.0 (Macintosh; Intel Mac OS X 10_15_7) AppleWebKit/537.36 (KHTML, like Gecko) Chrome/135.0.0.0 Safari/537.36",0.001196
2025-05-02T05:11:23.296707,218.248.0.1,GET,/logs,"Mozilla/5.0 (Macintosh; Intel Mac OS X 10_15_7) AppleWebKit/537.36 (KHTML, like Gecko) Chrome/135.0.0.0 Safari/537.36",0.002844
2025-05-02T05:11:23.298523,218.248.0.1,GET,/blocked_ips,"Mozilla/5.0 (Macintosh; Intel Mac OS X 10_15_7) AppleWebKit/537.36 (KHTML, like Gecko) Chrome/135.0.0.0 Safari/537.36",0.001861
2025-05-02T05:11:33.852220,218.248.0.1,GET,/logs,"Mozilla/5.0 (Macintosh; Intel Mac OS X 10_15_7) AppleWebKit/537.36 (KHTML, like Gecko) Chrome/135.0.0.0 Safari/537.36",0.002632
2025-05-02T05:11:33.873052,218.248.0.1,GET,/blocked_ips,"Mozilla/5.0 (Macintosh; Intel Mac OS X 10_15_7) AppleWebKit/537.36 (KHTML, like Gecko) Chrome/135.0.0.0 Safari/537.36",0.001572
2025-05-02T05:11:43.860845,218.248.0.1,GET,/blocked_ips,"Mozilla/5.0 (Macintosh; Intel Mac OS X 10_15_7) AppleWebKit/537.36 (KHTML, like Gecko) Chrome/135.0.0.0 Safari/537.36",0.001486
2025-05-02T05:11:43.863672,218.248.0.1,GET,/logs,"Mozilla/5.0 (Macintosh; Intel Mac OS X 10_15_7) AppleWebKit/537.36 (KHTML, like Gecko) Chrome/135.0.0.0 Safari/537.36",0.004187
2025-05-02T05:11:53.894870,218.248.0.1,GET,/logs,"Mozilla/5.0 (Macintosh; Intel Mac OS X 10_15_7) AppleWebKit/537.36 (KHTML, like Gecko) Chrome/135.0.0.0 Safari/537.36",0.00244
2025-05-02T05:11:53.903357,218.248.0.1,GET,/blocked_ips,"Mozilla/5.0 (Macintosh; Intel Mac OS X 10_15_7) AppleWebKit/537.36 (KHTML, like Gecko) Chrome/135.0.0.0 Safari/537.36",0.001178
2025-05-02T05:12:03.856350,218.248.0.1,GET,/logs,"Mozilla/5.0 (Macintosh; Intel Mac OS X 10_15_7) AppleWebKit/537.36 (KHTML, like Gecko) Chrome/135.0.0.0 Safari/537.36",0.002513
2025-05-02T05:12:03.859985,218.248.0.1,GET,/blocked_ips,"Mozilla/5.0 (Macintosh; Intel Mac OS X 10_15_7) AppleWebKit/537.36 (KHTML, like Gecko) Chrome/135.0.0.0 Safari/537.36",0.001235
2025-05-02T05:12:13.892961,218.248.0.1,GET,/logs,"Mozilla/5.0 (Macintosh; Intel Mac OS X 10_15_7) AppleWebKit/537.36 (KHTML, like Gecko) Chrome/135.0.0.0 Safari/537.36",0.002527
2025-05-02T05:12:13.896900,218.248.0.1,GET,/blocked_ips,"Mozilla/5.0 (Macintosh; Intel Mac OS X 10_15_7) AppleWebKit/537.36 (KHTML, like Gecko) Chrome/135.0.0.0 Safari/537.36",0.00119
2025-05-02T05:12:23.862995,218.248.0.1,GET,/logs,"Mozilla/5.0 (Macintosh; Intel Mac OS X 10_15_7) AppleWebKit/537.36 (KHTML, like Gecko) Chrome/135.0.0.0 Safari/537.36",0.002657
2025-05-02T05:12:23.868085,218.248.0.1,GET,/blocked_ips,"Mozilla/5.0 (Macintosh; Intel Mac OS X 10_15_7) AppleWebKit/537.36 (KHTML, like Gecko) Chrome/135.0.0.0 Safari/537.36",0.001133
2025-05-02T05:13:00.887976,218.248.0.1,GET,/logs,"Mozilla/5.0 (Macintosh; Intel Mac OS X 10_15_7) AppleWebKit/537.36 (KHTML, like Gecko) Chrome/135.0.0.0 Safari/537.36",0.005269
2025-05-02T05:13:00.888056,218.248.0.1,GET,/blocked_ips,"Mozilla/5.0 (Macintosh; Intel Mac OS X 10_15_7) AppleWebKit/537.36 (KHTML, like Gecko) Chrome/135.0.0.0 Safari/537.36",0.001326
2025-05-02T05:14:00.877207,218.248.0.1,GET,/logs,"Mozilla/5.0 (Macintosh; Intel Mac OS X 10_15_7) AppleWebKit/537.36 (KHTML, like Gecko) Chrome/135.0.0.0 Safari/537.36",0.002373
2025-05-02T05:14:00.881089,218.248.0.1,GET,/blocked_ips,"Mozilla/5.0 (Macintosh; Intel Mac OS X 10_15_7) AppleWebKit/537.36 (KHTML, like Gecko) Chrome/135.0.0.0 Safari/537.36",0.001126
2025-05-02T05:15:00.855858,218.248.0.1,GET,/logs,"Mozilla/5.0 (Macintosh; Intel Mac OS X 10_15_7) AppleWebKit/537.36 (KHTML, like Gecko) Chrome/135.0.0.0 Safari/537.36",0.00275
2025-05-02T05:15:00.878703,218.248.0.1,GET,/blocked_ips,"Mozilla/5.0 (Macintosh; Intel Mac OS X 10_15_7) AppleWebKit/537.36 (KHTML, like Gecko) Chrome/135.0.0.0 Safari/537.36",0.001754
2025-05-02T05:15:05.313298,218.248.0.1,GET,/logs,"Mozilla/5.0 (Macintosh; Intel Mac OS X 10_15_7) AppleWebKit/537.36 (KHTML, like Gecko) Chrome/135.0.0.0 Safari/537.36",0.002645
2025-05-02T05:15:05.318977,218.248.0.1,GET,/blocked_ips,"Mozilla/5.0 (Macintosh; Intel Mac OS X 10_15_7) AppleWebKit/537.36 (KHTML, like Gecko) Chrome/135.0.0.0 Safari/537.36",0.001091
2025-05-02T05:15:13.908858,218.248.0.1,GET,/logs,"Mozilla/5.0 (Macintosh; Intel Mac OS X 10_15_7) AppleWebKit/537.36 (KHTML, like Gecko) Chrome/135.0.0.0 Safari/537.36",0.002326
2025-05-02T05:15:14.050747,218.248.0.1,GET,/blocked_ips,"Mozilla/5.0 (Macintosh; Intel Mac OS X 10_15_7) AppleWebKit/537.36 (KHTML, like Gecko) Chrome/135.0.0.0 Safari/537.36",0.001287
2025-05-02T05:16:47.614623,218.248.0.1,GET,/logs,"Mozilla/5.0 (Macintosh; Intel Mac OS X 10_15_7) AppleWebKit/537.36 (KHTML, like Gecko) Chrome/135.0.0.0 Safari/537.36",0.002613
2025-05-02T05:16:47.621350,218.248.0.1,GET,/blocked_ips,"Mozilla/5.0 (Macintosh; Intel Mac OS X 10_15_7) AppleWebKit/537.36 (KHTML, like Gecko) Chrome/135.0.0.0 Safari/537.36",0.001152
2025-05-02T05:16:57.483081,218.248.0.1,GET,/logs,"Mozilla/5.0 (Macintosh; Intel Mac OS X 10_15_7) AppleWebKit/537.36 (KHTML, like Gecko) Chrome/135.0.0.0 Safari/537.36",0.002498
2025-05-02T05:16:57.495315,218.248.0.1,GET,/blocked_ips,"Mozilla/5.0 (Macintosh; Intel Mac OS X 10_15_7) AppleWebKit/537.36 (KHTML, like Gecko) Chrome/135.0.0.0 Safari/537.36",0.001317
2025-05-02T05:19:21.927520,218.248.0.1,GET,/blocked_ips,"Mozilla/5.0 (Linux; Android 10; K) AppleWebKit/537.36 (KHTML, like Gecko) Chrome/135.0.0.0 Mobile Safari/537.36",0.001224
2025-05-02T05:32:38.817505,218.248.0.1,GET,/logs,"Mozilla/5.0 (Macintosh; Intel Mac OS X 10_15_7) AppleWebKit/537.36 (KHTML, like Gecko) Chrome/135.0.0.0 Safari/537.36",0.002491
2025-05-02T05:32:38.821293,218.248.0.1,GET,/blocked_ips,"Mozilla/5.0 (Macintosh; Intel Mac OS X 10_15_7) AppleWebKit/537.36 (KHTML, like Gecko) Chrome/135.0.0.0 Safari/537.36",0.001281
2025-05-02T08:16:53.337854,117.99.199.215,GET,/,"Mozilla/5.0 (Macintosh; Intel Mac OS X 10_15_7) AppleWebKit/537.36 (KHTML, like Gecko) Chrome/135.0.0.0 Safari/537.36",0.004272
2025-05-02T08:16:53.918244,117.99.199.215,GET,/logs,"Mozilla/5.0 (Macintosh; Intel Mac OS X 10_15_7) AppleWebKit/537.36 (KHTML, like Gecko) Chrome/135.0.0.0 Safari/537.36",0.00443
2025-05-02T08:16:54.077681,117.99.199.215,GET,/blocked_ips,"Mozilla/5.0 (Macintosh; Intel Mac OS X 10_15_7) AppleWebKit/537.36 (KHTML, like Gecko) Chrome/135.0.0.0 Safari/537.36",0.001284
2025-05-02T08:16:54.095196,117.99.199.215,GET,/favicon.ico,"Mozilla/5.0 (Macintosh; Intel Mac OS X 10_15_7) AppleWebKit/537.36 (KHTML, like Gecko) Chrome/135.0.0.0 Safari/537.36",0.000233
2025-05-02T08:17:04.139801,117.99.199.215,GET,/logs,"Mozilla/5.0 (Macintosh; Intel Mac OS X 10_15_7) AppleWebKit/537.36 (KHTML, like Gecko) Chrome/135.0.0.0 Safari/537.36",0.002643
2025-05-02T08:17:04.180806,117.99.199.215,GET,/blocked_ips,"Mozilla/5.0 (Macintosh; Intel Mac OS X 10_15_7) AppleWebKit/537.36 (KHTML, like Gecko) Chrome/135.0.0.0 Safari/537.36",0.00125
2025-05-02T08:17:14.299280,117.99.199.215,GET,/logs,"Mozilla/5.0 (Macintosh; Intel Mac OS X 10_15_7) AppleWebKit/537.36 (KHTML, like Gecko) Chrome/135.0.0.0 Safari/537.36",0.002544
2025-05-02T08:17:14.331158,117.99.199.215,GET,/blocked_ips,"Mozilla/5.0 (Macintosh; Intel Mac OS X 10_15_7) AppleWebKit/537.36 (KHTML, like Gecko) Chrome/135.0.0.0 Safari/537.36",0.001221
2025-05-02T08:17:24.408043,117.99.199.215,GET,/blocked_ips,"Mozilla/5.0 (Macintosh; Intel Mac OS X 10_15_7) AppleWebKit/537.36 (KHTML, like Gecko) Chrome/135.0.0.0 Safari/537.36",0.001209
2025-05-02T08:17:24.414297,117.99.199.215,GET,/logs,"Mozilla/5.0 (Macintosh; Intel Mac OS X 10_15_7) AppleWebKit/537.36 (KHTML, like Gecko) Chrome/135.0.0.0 Safari/537.36",0.002436
2025-05-02T08:17:34.297702,117.99.199.215,GET,/logs,"Mozilla/5.0 (Macintosh; Intel Mac OS X 10_15_7) AppleWebKit/537.36 (KHTML, like Gecko) Chrome/135.0.0.0 Safari/537.36",0.002664
2025-05-02T08:17:34.305572,117.99.199.215,GET,/blocked_ips,"Mozilla/5.0 (Macintosh; Intel Mac OS X 10_15_7) AppleWebKit/537.36 (KHTML, like Gecko) Chrome/135.0.0.0 Safari/537.36",0.001297
2025-05-02T08:36:06.181368,152.59.195.153,GET,/blocked_ips,"Mozilla/5.0 (Macintosh; Intel Mac OS X 10_15_7) AppleWebKit/537.36 (KHTML, like Gecko) Chrome/135.0.0.0 Safari/537.36",0.001306
2025-05-02T08:36:06.185412,152.59.195.153,GET,/logs,"Mozilla/5.0 (Macintosh; Intel Mac OS X 10_15_7) AppleWebKit/537.36 (KHTML, like Gecko) Chrome/135.0.0.0 Safari/537.36",0.002841
